{"sections":{"16573321504c45e28b":{"type":"section-slideshow-v3","blocks":{"1594865479831-0":{"type":"slideshow","settings":{"background_slide":"shopify:\/\/shop_images\/slideshowV3-bg1.jpg","block_title":"Speed Up Your Car","color_title":"#ffffff","block_subtitle":"CAR ACCESSORIES","color_subtitle":"#ffffff","block_buton":"Shop All Collection","color_block_button":"#ffffff","block_url":"shopify:\/\/collections\/all"}},"1594865479831-1":{"type":"slideshow","settings":{"background_slide":"shopify:\/\/shop_images\/slideshowV3-bg2.jpg","block_title":"Explore The Range","color_title":"#ffffff","block_subtitle":"CAR ACCESSORIES","color_subtitle":"#ffffff","block_buton":"Shop All Collection","color_block_button":"#ffffff","block_url":"shopify:\/\/collections\/all"}}},"block_order":["1594865479831-0","1594865479831-1"],"settings":{"margin_top":"","margin_bottom":""}}},"order":["16573321504c45e28b"]}