{"sections":{"16578740828bbacd9b":{"type":"section-slideshow-v4","blocks":{"1594865479831-0":{"type":"slideshow","settings":{"block_banerimage":"shopify:\/\/shop_images\/slideshowV4-bg1.jpg","block_subtitle2":"Sale up to 50% off today","color_subtitle":"#ffffff","block_title_top":"High performance","color_block_title_top":"#ffffff","block_buton":"Shop All Collection","color_block_button":"#ffffff","bg_block_button":"#FDB818","color_block_button_hover":"#222222","color_bg_block_button_hover":"#ffffff","block_url":"shopify:\/\/collections\/all"}},"1594865479831-1":{"type":"slideshow","settings":{"block_banerimage":"shopify:\/\/shop_images\/slideshowV4-bg2.jpg","block_subtitle2":"Sale up to 50% off today","color_subtitle":"#ffffff","block_title_top":"Car Part Shop","color_block_title_top":"#ffffff","block_buton":"Shop All Collection","color_block_button":"#ffffff","bg_block_button":"#FDB818","color_block_button_hover":"#222222","color_bg_block_button_hover":"#ffffff","block_url":"shopify:\/\/collections\/all"}}},"block_order":["1594865479831-0","1594865479831-1"],"settings":{"margin_top":"","margin_bottom":""}},"16573321504c45e28b":{"type":"section-service-v1","blocks":{"1578448667487-0":{"type":"service","settings":{"img_icon":"shopify:\/\/shop_images\/serviceV1-icon1.png","block_icon":"","block_title":"FREE SAME DAY DELIVERY*","block_des":"In a hurry? Get it Fast!"}},"1578448667487-1":{"type":"service","settings":{"img_icon":"shopify:\/\/shop_images\/serviceV1-icon2.png","block_icon":"","block_title":"International Shipping","block_des":"From only £3.95"}},"1578448667487-2":{"type":"service","settings":{"img_icon":"shopify:\/\/shop_images\/serviceV1-icon3.png","block_icon":"","block_title":"365 Days Return","block_des":"Buy with Confidence"}}},"block_order":["1578448667487-0","1578448667487-1","1578448667487-2"],"settings":{"margin_top":"","margin_bottom":""}},"16582142599b4dd253":{"type":"section-product-v4","settings":{"title_heading":"Trending","color_title":"#222222","select_collection":"top-rate","products_limit":12,"buttom_name":"ALL PRODUCTS","button_name_url":"shopify:\/\/collections\/all","margin_top":"","margin_bottom":""}},"16582143665efd5774":{"type":"section-brand-v2","blocks":{"1649219306ccc4b046-0":{"type":"brand","settings":{"block_img":"shopify:\/\/shop_images\/brandV2-img1.png","block_title":"Chevrolet","color_title":"#fff","block_url":"shopify:\/\/collections\/all"}},"1649219306ccc4b046-1":{"type":"brand","settings":{"block_img":"shopify:\/\/shop_images\/brandV2-img2.png","block_title":"Ford","color_title":"#fff","block_url":"shopify:\/\/collections\/all"}},"1649219306ccc4b046-2":{"type":"brand","settings":{"block_img":"shopify:\/\/shop_images\/brandV2-img3.png","block_title":"Honda","color_title":"#fff","block_url":"shopify:\/\/collections\/all"}},"1649219306ccc4b046-3":{"type":"brand","settings":{"block_img":"shopify:\/\/shop_images\/brandV2-img4.png","block_title":"Huyndai","color_title":"#fff","block_url":"shopify:\/\/collections\/all"}},"1649219306ccc4b046-4":{"type":"brand","settings":{"block_img":"shopify:\/\/shop_images\/brandV2-img5.png","block_title":"Kia","color_title":"#fff","block_url":"shopify:\/\/collections\/all"}},"1649219306ccc4b046-5":{"type":"brand","settings":{"block_img":"shopify:\/\/shop_images\/brandV2-img6.png","block_title":"Lamborghini","color_title":"#fff","block_url":"shopify:\/\/collections\/all"}},"1649219306ccc4b046-6":{"type":"brand","settings":{"block_img":"shopify:\/\/shop_images\/brandV2-img7.png","block_title":"Lexus","color_title":"#fff","block_url":"shopify:\/\/collections\/all"}},"1649219306ccc4b046-7":{"type":"brand","settings":{"block_img":"shopify:\/\/shop_images\/brandV2-img8.png","block_title":"Mazda","color_title":"#fff","block_url":"shopify:\/\/collections\/all"}},"1649219306ccc4b046-8":{"type":"brand","settings":{"block_img":"shopify:\/\/shop_images\/brandV2-img9.png","block_title":"Mercedes","color_title":"#fff","block_url":"shopify:\/\/collections\/all"}},"1649219306ccc4b046-9":{"type":"brand","settings":{"block_img":"shopify:\/\/shop_images\/brandV2-img10.png","block_title":"Nissan","color_title":"#fff","block_url":"shopify:\/\/collections\/all"}},"1649219306ccc4b046-10":{"type":"brand","settings":{"block_img":"shopify:\/\/shop_images\/brandV2-img11.png","block_title":"Toyota","color_title":"#fff","block_url":"shopify:\/\/collections\/all"}},"1649219306ccc4b046-11":{"type":"brand","settings":{"block_img":"shopify:\/\/shop_images\/brandV2-img12.png","block_title":"Acura","color_title":"#fff","block_url":"shopify:\/\/collections\/all"}},"1649219306ccc4b046-12":{"type":"brand","settings":{"block_img":"shopify:\/\/shop_images\/brandV2-img13.png","block_title":"Bentley","color_title":"#fff","block_url":"shopify:\/\/collections\/all"}},"1649219306ccc4b046-13":{"type":"brand","settings":{"block_img":"shopify:\/\/shop_images\/brandV2-img14.png","block_title":"BMW","color_title":"#fff","block_url":"shopify:\/\/collections\/all"}}},"block_order":["1649219306ccc4b046-0","1649219306ccc4b046-1","1649219306ccc4b046-2","1649219306ccc4b046-3","1649219306ccc4b046-4","1649219306ccc4b046-5","1649219306ccc4b046-6","1649219306ccc4b046-7","1649219306ccc4b046-8","1649219306ccc4b046-9","1649219306ccc4b046-10","1649219306ccc4b046-11","1649219306ccc4b046-12","1649219306ccc4b046-13"],"settings":{"enable_pd":true,"bg_section":"#2B3944","title_heading":"Browse by Make","color_title":"#fff","margin_top":"","margin_bottom":""}},"1658214292f1801350":{"type":"section-product-v1","settings":{"title_heading":"Hot Deal","color_title":"#222222","sub-title1":"Don't Miss Today's Featured Deals","select_collection":"frontpage","products_limit":4,"margin_top":"","margin_bottom":""}},"1659682486ea482e9f":{"type":"section-newsletter-v2","settings":{"style_bg":"bg_color","bg_img":"shopify:\/\/shop_images\/bg-newsletterV2.jpg","icon1":"fa fa-envelope-open-o","color_icon":"#000","title_newletter":"Newsletter Signup","color_title":"#000","description":"Join our list and get 15% off your first purchase!","color_desc":"#000","color_button":"#fff","bg_color_button":"#d25b5b","color_button_hover":"#fff","bg_color_button_hover":"#000","margin_top":"","margin_bottom":""}},"1658214428dd12c0a1":{"type":"section-blog-v2","settings":{"margin_top":"","margin_bottom":"","bg-section":"#fff","section_title":"INSPIRATION","text_btn_top":"VIEW ALL BLOGPOST","url_button":"shopify:\/\/collections\/all","select_blog":"news","blogs_limit":3,"enable_category":true,"enable_title":true}}},"order":["16578740828bbacd9b","16573321504c45e28b","16582142599b4dd253","16582143665efd5774","1658214292f1801350","1659682486ea482e9f","1658214428dd12c0a1"]}