{"sections":{"16578740828bbacd9b":{"type":"section-banner-v2","blocks":{"165612292165cdb7e3-0":{"type":"banner","settings":{"img_banner":"shopify:\/\/shop_images\/bannerV2-img1.jpg","block_title":"Engine oils","url_banner":"shopify:\/\/collections\/all"}},"165612292165cdb7e3-1":{"type":"banner","settings":{"img_banner":"shopify:\/\/shop_images\/bannerV2-img2.jpg","block_title":"Headlights","url_banner":"shopify:\/\/collections\/all"}},"165612292165cdb7e3-2":{"type":"banner","settings":{"img_banner":"shopify:\/\/shop_images\/bannerV2-img3.jpg","block_title":"Wheels & Tires","url_banner":"shopify:\/\/collections\/all"}},"165612292165cdb7e3-3":{"type":"banner","settings":{"img_banner":"shopify:\/\/shop_images\/bannerV2-img4.jpg","block_title":"Steering Wheel","url_banner":"shopify:\/\/collections\/all"}}},"block_order":["165612292165cdb7e3-0","165612292165cdb7e3-1","165612292165cdb7e3-2","165612292165cdb7e3-3"],"settings":{"color_arrow":"#fff","margin_top":"","margin_bottom":""}},"16474240803c793bcd":{"type":"section-product-v1","settings":{"title_heading":"Hot Deal","color_title":"#222222","sub-title1":"Don't Miss Today's Featured Deals","select_collection":"frontpage","products_limit":4,"margin_top":"","margin_bottom":""}},"1657876853cfadb021":{"type":"section-banner-v3","settings":{"enable_mt":false,"bg_img":"shopify:\/\/shop_images\/bannerV3-bg.jpg","margin_top":"","margin_bottom":""}},"1657878841aea0d898":{"type":"section-product-v7","blocks":{"1578015995607-0":{"type":"collection","settings":{"block_img":"shopify:\/\/shop_images\/productV7-img1.png","select_collection":"new-arrival","products_limit":6}},"1578015995607-1":{"type":"collection","settings":{"block_img":"shopify:\/\/shop_images\/productV7-img2.png","select_collection":"frontpage","products_limit":6}},"1578015995607-2":{"type":"collection","settings":{"block_img":"shopify:\/\/shop_images\/productV7-img3.png","select_collection":"best-seller","products_limit":6}},"1578015995607-3":{"type":"collection","settings":{"block_img":"shopify:\/\/shop_images\/productV7-img4.png","select_collection":"trending-products","products_limit":6}},"1578015995607-4":{"type":"collection","settings":{"block_img":"shopify:\/\/shop_images\/productV7-img5.png","select_collection":"feature","products_limit":6}}},"block_order":["1578015995607-0","1578015995607-1","1578015995607-2","1578015995607-3","1578015995607-4"],"settings":{"section_title":"SHOP BY BRANDS","section_des":"Enjoy an entirely new level of driving experience superior cars","section_btn_name":"Shop More","section_btn_url":"shopify:\/\/collections\/all","margin_top":"","margin_bottom":""}},"16578788866a935986":{"type":"section-banner-v4","settings":{"ena_margin_top":true,"img_banner1":"shopify:\/\/shop_images\/bg-bannerV4.jpg","url_btn":"shopify:\/\/collections\/all","subtitle_banner":"Carze Store","color_subtitle":"#fff","title_banner":"Multive Has Quality<br>Parts At Great Prices","color_title":"#fff","btn_banner":"SHOP WITH CONFIDENCE","color_btn":"#fff","color_btn_hover":"#3b91e1","margin_top":"","margin_bottom":""}},"1657876129b783a264":{"type":"section-instagram-v2","settings":{"title_content":"Carze On Instagram","link_insta":"#carze","ins_userid":"","ins_access_token":"3672948962.0f64772.430edb7f711e4665b59777c54d1ed9ce","ins_limit_number":"6","item_icon":"fa fa-instagram","margin_top":"","margin_bottom":""}}},"order":["16578740828bbacd9b","16474240803c793bcd","1657876853cfadb021","1657878841aea0d898","16578788866a935986","1657876129b783a264"]}