{"sections":{"contact_template":{"type":"contact-template","settings":{"bg_breadcrumb":"shopify:\/\/shop_images\/bg_page.jpg","enable_map":true,"select_style_map":"style_image","image_map":"shopify:\/\/shop_images\/contact_us1.jpg","link_map":"","title_get_left":"CONTACT INFORMATION","des_get_left":"<p>We do not sell product from our corporate headquarters in New York City. If you want to visit, please reach out to our customer service team first.\n<\/p>\n<p>1201 Broadway<br>\nSuite 600<\/p>","url_mail":"help@example.com","title_follow":"Follow Us","url_twitter":"","url_face":"","url_insta":"","url_youtube":"","enable_follow":true,"enable_s_contactform":true,"contactform_title":"Contact Form","contactform_name":"Name","contactform_email":"Email Address","contactform_content":"Your Message","contactform_btn":"Submit"}},"newsletter_contact":{"type":"newsletter_contact","settings":{"select_style":"style_1","select_width":"full","style_bg":"color","bg_color":"#c6c6c6","title_newletter":"Our <br><strong>NEWSLETTER!<\/strong>","color_title":"#ffffff","content_newletter":"It only takes a second to be the first to find<br>out about our latest news","color_content":"#ffffff","margin_top":"","margin_bottom":""}},"instagram_contact":{"type":"instagram_contact","settings":{}}},"order":["contact_template","newsletter_contact","instagram_contact"]}