{"sections":{"16545716817290dfb6":{"type":"section-slideshow-v1","blocks":{"1659501484f59913fe-0":{"type":"slideshow","settings":{"block_bg_image":"shopify:\/\/shop_images\/slideshowV1-bg1.jpg","block_subtitle":"New Technology","color_block_subtitle":"#fff","block_title":"Wheels & Tires<br>Collection","color_block_title":"#fff","block_desc":"Find the right suspension, exhaust, brakes,<br>filters, batteries, & more","color_block_desc":"#fff","block_buton":"Shop now","block_url":"shopify:\/\/collections\/all","color_button":"#000","bg_color_button":"#fff","color_button_hover":"#fff","bg_color_button_hover":"#FDB818","url_video":"https:\/\/youtu.be\/kXOAgEWxiQ4","text_video":"View Video"}},"1659501484f59913fe-1":{"type":"slideshow","settings":{"block_bg_image":"shopify:\/\/shop_images\/slideshowV1-bg2.jpg","block_subtitle":"Black Day","color_block_subtitle":"#fff","block_title":"Engine Performance<br>Product","color_block_title":"#fff","block_desc":"Shop seat covers, steering wheel<br>covers and more","color_block_desc":"#fff","block_buton":"Shop now","block_url":"shopify:\/\/collections\/all","color_button":"#000","bg_color_button":"#fff","color_button_hover":"#ffffff","bg_color_button_hover":"#FDB818","url_video":"https:\/\/www.youtube.com\/watch?v=ZQvfHyfgBtA","text_video":"View Video"}}},"block_order":["1659501484f59913fe-0","1659501484f59913fe-1"],"settings":{"margin_top":"","margin_bottom":""}},"1657336926259714b0":{"type":"section-collection-v1","blocks":{"1566901888520":{"type":"collection","settings":{"block_img":"shopify:\/\/shop_images\/collectionV1-img1.jpg","block_title":"Lighting","block_btn_name":"SHOP NOW","block_url":"shopify:\/\/collections\/all","select_menu":"collection-v1"}},"1566901896136":{"type":"collection","settings":{"block_img":"shopify:\/\/shop_images\/collectionV1-img2.jpg","block_title":"Repair Parts","block_btn_name":"SHOP NOW","block_url":"shopify:\/\/collections\/all","select_menu":"collection-v1"}},"1566901898212":{"type":"collection","settings":{"block_img":"shopify:\/\/shop_images\/collectionV1-img3.jpg","block_title":"Performance","block_btn_name":"SHOP NOW","block_url":"shopify:\/\/collections\/all","select_menu":"collection-v1"}},"1566901900394":{"type":"collection","settings":{"block_img":"shopify:\/\/shop_images\/collectionV1-img4.jpg","block_title":"Exterior","block_btn_name":"SHOP NOW","block_url":"shopify:\/\/collections\/all","select_menu":"collection-v1"}},"1566901902248":{"type":"collection","settings":{"block_img":"shopify:\/\/shop_images\/collectionV1-img5.jpg","block_title":"Wheels","block_btn_name":"SHOP NOW","block_url":"shopify:\/\/collections\/all","select_menu":"collection-v1"}},"1566901903904":{"type":"collection","settings":{"block_img":"shopify:\/\/shop_images\/collectionV1-img6.jpg","block_title":"Tires","block_btn_name":"SHOP NOW","block_url":"shopify:\/\/collections\/all","select_menu":"collection-v1"}}},"block_order":["1566901888520","1566901896136","1566901898212","1566901900394","1566901902248","1566901903904"],"settings":{"section_title":"TOP CATEGORIES","section_des":"Enjoy an entirely new level of driving experience superior cars","section_btn_name":"Shop More","section_btn_url":"shopify:\/\/collections\/all","margin_top":"","margin_bottom":""}},"165457174636311816":{"type":"section-product-v3","settings":{"title_heading":"Best Seller","color_title":"#222222","sub_title":"Best Seller Product This Week!","color_sub_title":"#666666","select_collection":"best-seller","products_limit":12,"margin_top":"","margin_bottom":""}},"16573385144debd913":{"type":"section-banner-v1","settings":{"img_banner1":"shopify:\/\/shop_images\/bannerV1-img1.jpg","url_banner1":"shopify:\/\/collections\/all","title1":"Car & Truck Exhaust Pipes","color_title1":"#fff","desc1":"Exhaust Pipe - Now<strong> 15% <\/strong>Savings","color_desc1":"#fff","button_1":"Explore all","color_button1":"#000","bg_color_button1":"#fff","color_button_hover1":"#fff","bg_color_button_hover1":"#FDB818","url_button1":"shopify:\/\/collections\/all","img_banner2":"shopify:\/\/shop_images\/bannerV1-img2.jpg","url_banner2":"shopify:\/\/collections\/all","title2":"Brakes and Rotors for Sale","color_title2":"#fff","desc2":"Take an Extra<strong> $5 <\/strong>Off Every Monday","color_desc2":"#fff","button_2":"Explore all","color_button2":"#000","bg_color_button2":"#fff","color_button_hover2":"#fff","bg_color_button_hover2":"#FDB818","url_button2":"shopify:\/\/collections\/all","margin_top":"","margin_bottom":""}},"16545720046bd62267":{"type":"section-product-v1","settings":{"title_heading":"Hot Deal","color_title":"#222222","sub-title1":"Don't Miss Today's Featured Deals","select_collection":"frontpage","products_limit":4,"margin_top":"","margin_bottom":""}},"1662955795b664f380":{"type":"section-testimonial-v1","blocks":{"1640404519234e7d05-0":{"type":"testimonial","settings":{"block_img":"shopify:\/\/shop_images\/testimonial-img1.png","block_content":"OEM direct replacement, fits perfectly only steering pump. Brought my car up to spec again..","color_content":"#000","block_name":"DESTINEE","color_name":"#000","block_des":"Marketing Personal","color_des":"#000","color_quote":"#3a8d9e"}},"1640404519234e7d05-1":{"type":"testimonial","settings":{"block_img":"shopify:\/\/shop_images\/testimonial-img2.png","block_content":"OEM direct replacement, fits perfectly only steering pump. Brought my car up to spec again..","color_content":"#000","block_name":"DESTINEE","color_name":"#000","block_des":"Marketing Personal","color_des":"#000","color_quote":"#3a8d9e"}},"1640404519234e7d05-2":{"type":"testimonial","settings":{"block_img":"shopify:\/\/shop_images\/testimonial-img3.png","block_content":"OEM direct replacement, fits perfectly only steering pump. Brought my car up to spec again..","color_content":"#000","block_name":"DESTINEE","color_name":"#000","block_des":"Marketing Personal","color_des":"#000","color_quote":"#3a8d9e"}},"1640404519234e7d05-3":{"type":"testimonial","settings":{"block_img":"shopify:\/\/shop_images\/testimonial-img4.png","block_content":"OEM direct replacement, fits perfectly only steering pump. Brought my car up to spec again..","color_content":"#000","block_name":"DESTINEE","color_name":"#000","block_des":"Marketing Personal","color_des":"#000","color_quote":"#3a8d9e"}}},"block_order":["1640404519234e7d05-0","1640404519234e7d05-1","1640404519234e7d05-2","1640404519234e7d05-3"],"settings":{"enable_mt":false,"testimonial_bg":"shopify:\/\/shop_images\/bg-testimonialV1.jpg","title_heading":"AUTO PARTS REVIEWS","color_title":"#000","margin_top":"","margin_bottom":""}},"16430380147d64e00c":{"type":"section-collection-v2","blocks":{"1643038014961cebd7-0":{"type":"colection","settings":{"brand_img":"shopify:\/\/shop_images\/collectionV2-img1.jpg","title_collection":"Headlight","url_collection":"shopify:\/\/collections\/all","block_content":"8 products"}},"1643038014961cebd7-1":{"type":"colection","settings":{"brand_img":"shopify:\/\/shop_images\/collectionV2-img2.jpg","title_collection":"Wheels Tires","url_collection":"shopify:\/\/collections\/all","block_content":"6 products"}},"1643038014961cebd7-2":{"type":"colection","settings":{"brand_img":"shopify:\/\/shop_images\/collectionV2-img3.jpg","title_collection":"Suspension","url_collection":"shopify:\/\/collections\/all","block_content":"5 products"}},"1643038014961cebd7-3":{"type":"colection","settings":{"brand_img":"shopify:\/\/shop_images\/collectionV2-img4.jpg","title_collection":"Car Seats","url_collection":"shopify:\/\/collections\/all","block_content":"9 products"}},"1643038014961cebd7-4":{"type":"colection","settings":{"brand_img":"shopify:\/\/shop_images\/collectionV2-img5.jpg","title_collection":"Brake","url_collection":"shopify:\/\/collections\/all","block_content":"6 products"}},"1643038014961cebd7-5":{"type":"colection","settings":{"brand_img":"shopify:\/\/shop_images\/collectionV2-img6.jpg","title_collection":"Exhaust","url_collection":"shopify:\/\/collections\/all","block_content":"20 products"}},"1643038014961cebd7-6":{"type":"colection","settings":{"brand_img":"shopify:\/\/shop_images\/collectionV2-img7.jpg","title_collection":"Batteries","url_collection":"shopify:\/\/collections\/all","block_content":"8 products"}},"1643038014961cebd7-7":{"type":"colection","settings":{"brand_img":"shopify:\/\/shop_images\/collectionV2-img8.jpg","title_collection":"Engine Oils","url_collection":"shopify:\/\/collections\/all","block_content":"13 products"}},"1643038014961cebd7-8":{"type":"colection","settings":{"brand_img":"shopify:\/\/shop_images\/collectionV2-img9.jpg","title_collection":"Steering Wheel","url_collection":"shopify:\/\/collections\/all","block_content":"10 products"}},"1643038014961cebd7-9":{"type":"colection","settings":{"brand_img":"shopify:\/\/shop_images\/collectionV2-img10.jpg","title_collection":"Car Speakers","url_collection":"shopify:\/\/collections\/all","block_content":"7 products"}}},"block_order":["1643038014961cebd7-0","1643038014961cebd7-1","1643038014961cebd7-2","1643038014961cebd7-3","1643038014961cebd7-4","1643038014961cebd7-5","1643038014961cebd7-6","1643038014961cebd7-7","1643038014961cebd7-8","1643038014961cebd7-9"],"settings":{"margin_top":"","margin_bottom":""}},"1654575485688e3abe":{"type":"section-blog-v1","settings":{"margin_top":"","margin_bottom":"","section_title":"Our Blogs","color_title":"#222222","select_blog":"news","blogs_limit":3,"enable_category":true,"enable_date":true,"enable_title":true,"enable_excerpt":true,"ena_btn_readmore":true}}},"order":["16545716817290dfb6","1657336926259714b0","165457174636311816","16573385144debd913","16545720046bd62267","1662955795b664f380","16430380147d64e00c","1654575485688e3abe"]}