{"sections":{"1657338759a3152298":{"type":"section-slideshow-v2","blocks":{"1647933928efb0cd30-0":{"type":"slideshow","settings":{"img_slide":"shopify:\/\/shop_images\/slideshowV2-bg1.jpg","sub_title1":"XKR-S CONVERTIBLE<br>COLLECTION","color_sub_title1":"#FFF","title_slide":"Brake Disks &<br>Pads","color_title":"#FFF","content_slide":"From <strong>$30.00<\/strong>","color_content_slide":"#FFF","btn_slide":"SHOP NOW","bg_color_block_button":"#FFF","color_block_button":"#000","bg_color_hover_button":"#FDB818","color_hover_text":"#ffffff","url_btn":"shopify:\/\/collections\/all"}},"1647933928efb0cd30-1":{"type":"slideshow","settings":{"img_slide":"shopify:\/\/shop_images\/slideshowV2-bg2.jpg","sub_title1":"HEADLIGHTS<br>COLLECTION","color_sub_title1":"#FFF","title_slide":"Wheels & Tires<br>Product","color_title":"#FFF","content_slide":"From <strong>$30.00<\/strong>","color_content_slide":"#FFF","btn_slide":"SHOP NOW","bg_color_block_button":"#FFF","color_block_button":"#000","bg_color_hover_button":"#FDB818","color_hover_text":"#ffffff","url_btn":"shopify:\/\/collections\/all"}}},"block_order":["1647933928efb0cd30-0","1647933928efb0cd30-1"],"settings":{"margin_top":"","margin_bottom":""}},"165733199271724ac1":{"type":"section-brand-v1","blocks":{"1587309578597-0":{"type":"brand","settings":{"brand_img":"shopify:\/\/shop_images\/brandV1-img1.png","brand_url":"shopify:\/\/collections\/all"}},"1587309578597-1":{"type":"brand","settings":{"brand_img":"shopify:\/\/shop_images\/brandV1-img2.png","brand_url":"shopify:\/\/collections\/all"}},"1587309578597-2":{"type":"brand","settings":{"brand_img":"shopify:\/\/shop_images\/brandV1-img3.png","brand_url":"shopify:\/\/collections\/all"}},"1587309578597-3":{"type":"brand","settings":{"brand_img":"shopify:\/\/shop_images\/brandV1-img4.png","brand_url":"shopify:\/\/collections\/all"}}},"block_order":["1587309578597-0","1587309578597-1","1587309578597-2","1587309578597-3"],"settings":{"margin_top":"","margin_bottom":""}},"16573387805329719b":{"type":"section-product-v2","blocks":{"1657504240d5fc2d73-0":{"type":"tab","settings":{"tab_title":"NEW ARRIVALS","tab_collection":"new-arrival","tab_limit":12}},"1657504240d5fc2d73-1":{"type":"tab","settings":{"tab_title":"BEST SELLERS","tab_collection":"best-seller","tab_limit":12}},"1657504240d5fc2d73-2":{"type":"tab","settings":{"tab_title":"TOP RATES","tab_collection":"top-rate","tab_limit":12}}},"block_order":["1657504240d5fc2d73-0","1657504240d5fc2d73-1","1657504240d5fc2d73-2"],"settings":{"margin_top":"","margin_bottom":"","title_heading":"Our Best Seller","color_title":"#222222"}},"1657338808c94fcad3":{"type":"section-countdown-v1","settings":{"style_bg":"image","bg_img":"shopify:\/\/shop_images\/bg-countdownV1.jpg","bg_color":"#f2f2f2","section_product":"blue-wheel-with-inserts","section_icon_svg":"<svg version=\"1.1\" id=\"Capa_1\" xmlns=\"http:\/\/www.w3.org\/2000\/svg\" x=\"0px\" y=\"0px\" viewbox=\"0 0 480 480\" style=\"enable-background:new 0 0 480 480;\" xmlns:xlink=\"http:\/\/www.w3.org\/1999\/xlink\" xml:space=\"preserve\"> <g> \t<g> \t\t<rect x=\"144\" y=\"264\" width=\"16\" height=\"16\"><\/rect> \t<\/g> <\/g> <g> \t<g> \t\t<rect x=\"144\" y=\"296\" width=\"16\" height=\"16\"><\/rect> \t<\/g> <\/g> <g> \t<g> \t\t<rect x=\"144\" y=\"328\" width=\"16\" height=\"16\"><\/rect> \t<\/g> <\/g> <g> \t<g> \t\t<rect x=\"144\" y=\"232\" width=\"16\" height=\"16\"><\/rect> \t<\/g> <\/g> <g> \t<g> \t\t<rect x=\"144\" y=\"200\" width=\"16\" height=\"16\"><\/rect> \t<\/g> <\/g> <g> \t<g> \t\t<rect x=\"144\" y=\"168\" width=\"16\" height=\"16\"><\/rect> \t<\/g> <\/g> <g> \t<g> \t\t<rect x=\"144\" y=\"136\" width=\"16\" height=\"16\"><\/rect> \t<\/g> <\/g> <g> \t<g> \t\t<rect x=\"32\" y=\"136\" width=\"16\" height=\"16\"><\/rect> \t<\/g> <\/g> <g> \t<g> \t\t<rect x=\"432\" y=\"136\" width=\"16\" height=\"16\"><\/rect> \t<\/g> <\/g> <g> \t<g> \t\t<rect x=\"432\" y=\"328\" width=\"16\" height=\"16\"><\/rect> \t<\/g> <\/g> <g> \t<g> \t\t<rect x=\"32\" y=\"328\" width=\"16\" height=\"16\"><\/rect> \t<\/g> <\/g> <g> \t<g> \t\t<path d=\"M472,200c4.418,0,8-3.582,8-8v-80c0-4.418-3.582-8-8-8H8c-4.418,0-8,3.582-8,8v80c0,4.418,3.582,8,8,8 \t\t\tc22.091,0,40,17.909,40,40s-17.909,40-40,40c-4.418,0-8,3.582-8,8v80c0,4.418,3.582,8,8,8h464c4.418,0,8-3.582,8-8v-80 \t\t\tc0-4.418-3.582-8-8-8c-22.091,0-40-17.909-40-40S449.909,200,472,200z M416.524,247.956c3.532,24.61,22.867,43.944,47.476,47.476 \t\t\tV360H16v-64.568c30.614-4.394,51.87-32.773,47.476-63.388C59.944,207.435,40.61,188.1,16,184.568V120h448v64.568 \t\t\tC433.386,188.962,412.13,217.341,416.524,247.956z\"><\/path> \t<\/g> <\/g> <g> \t<g> \t\t<path d=\"M240,160c-17.673,0-32,14.327-32,32s14.327,32,32,32c17.673,0,32-14.327,32-32S257.673,160,240,160z M240,208 \t\t\tc-8.837,0-16-7.163-16-16s7.163-16,16-16s16,7.163,16,16S248.837,208,240,208z\"><\/path> \t<\/g> <\/g> <g> \t<g> \t\t<path d=\"M336,256c-17.673,0-32,14.327-32,32c0,17.673,14.327,32,32,32c17.673,0,32-14.327,32-32C368,270.327,353.673,256,336,256z \t\t\t M336,304c-8.837,0-16-7.163-16-16s7.163-16,16-16s16,7.163,16,16S344.837,304,336,304z\"><\/path> \t<\/g> <\/g> <g> \t<g> \t\t<rect x=\"197.494\" y=\"231.982\" transform=\"matrix(0.7071 -0.7071 0.7071 0.7071 -85.3385 273.9377)\" width=\"181.017\" height=\"16\"><\/rect> \t<\/g> <\/g> <g> <\/g> <g> <\/g> <g> <\/g> <g> <\/g> <g> <\/g> <g> <\/g> <g> <\/g> <g> <\/g> <g> <\/g> <g> <\/g> <g> <\/g> <g> <\/g> <g> <\/g> <g> <\/g> <g> <\/g> <\/svg>","section_icon":"","section_title11":"DEALS","section_title12":"OF THE DAYS","countdown_title11":"Hurry up !","countdown_hurry_svg":"<svg version=\"1.1\" id=\"Capa_1\" xmlns=\"http:\/\/www.w3.org\/2000\/svg\" x=\"0px\" y=\"0px\" viewbox=\"0 0 512 512\" style=\"enable-background:new 0 0 512 512;\" xmlns:xlink=\"http:\/\/www.w3.org\/1999\/xlink\" xml:space=\"preserve\"> <g> \t<g> \t\t<path d=\"M121,68.5H45c-8.291,0-15,6.709-15,15s6.709,15,15,15h76c8.291,0,15-6.709,15-15S129.291,68.5,121,68.5z\"><\/path> \t<\/g> <\/g> <g> \t<g> \t\t<path d=\"M121,188.5H45c-8.291,0-15,6.709-15,15s6.709,15,15,15h76c8.291,0,15-6.709,15-15S129.291,188.5,121,188.5z\"><\/path> \t<\/g> <\/g> <g> \t<g> \t\t<path d=\"M91,128.5H15c-8.291,0-15,6.709-15,15s6.709,15,15,15h76c8.291,0,15-6.709,15-15S99.291,128.5,91,128.5z\"><\/path> \t<\/g> <\/g> <g> \t<g> \t\t<path d=\"M482,203.5h-91v-60c0-26.346-32.229-40.218-51.22-21.202L219.789,242.289c-11.719,11.719-11.719,30.703,0,42.422 \t\t\tl68.789,68.789l-83.789,83.789c-11.719,11.719-11.719,30.703,0,42.422c11.718,11.718,30.703,11.719,42.422,0l105-105 \t\t\tc11.719-11.719,11.719-30.703,0-42.422L283.422,263.5L331,215.922V233.5c0,16.567,13.433,30,30,30h121c16.567,0,30-13.433,30-30 \t\t\tS498.567,203.5,482,203.5z\"><\/path> \t<\/g> <\/g> <g> \t<g> \t\t<path d=\"M280.14,51.04c-11.924-7.925-27.744-6.357-37.852,3.75l-82.5,82.5c-11.719,11.719-11.719,30.703,0,42.422 \t\t\ts30.704,11.718,42.423-0.001l65.112-65.112l21.934,15.8l29.306-29.306c4.902-4.902,10.684-8.707,17.007-11.678L280.14,51.04z\"><\/path> \t<\/g> <\/g> <g> \t<g> \t\t<path d=\"M198.578,305.922c-7.601-7.601-12.675-16.956-15.35-27.072L24.789,437.289c-11.719,11.719-11.719,30.703,0,42.422 \t\t\tc11.718,11.718,30.703,11.719,42.422,0l152.578-152.578L198.578,305.922z\"><\/path> \t<\/g> <\/g> <g> \t<g> \t\t<circle cx=\"406\" cy=\"68.5\" r=\"45\"><\/circle> \t<\/g> <\/g> <g> <\/g> <g> <\/g> <g> <\/g> <g> <\/g> <g> <\/g> <g> <\/g> <g> <\/g> <g> <\/g> <g> <\/g> <g> <\/g> <g> <\/g> <g> <\/g> <g> <\/g> <g> <\/g> <g> <\/g> <\/svg>","countdown_hurry_icon":"","countdown_title12":"DEAL END IN :","countdown_datetime":"2024-12-12-12-12-12","margin_top":"","margin_bottom":""}},"1657338962051bf203":{"type":"section-product-v6","blocks":{"1578549048356-0":{"type":"collection","settings":{"block_title":"Custom Wheels","select_collection":"frontpage","products_limit":5}},"1578549048356-1":{"type":"collection","settings":{"block_title":"Headlights","select_collection":"best-seller","products_limit":5}},"1578549048356-2":{"type":"collection","settings":{"block_title":"Brakes & Rotors","select_collection":"new-arrival","products_limit":5}}},"block_order":["1578549048356-0","1578549048356-1","1578549048356-2"],"settings":{"section_title":"TOP TRENDING","margin_top":"","margin_bottom":""}},"166338622386309672":{"type":"section-newsletter-v1","settings":{"enable_mt":true,"select_style":"style_1","select_width":"full","style_bg":"color","bg_color":"#e6e6e6","bg_color_newletter":"","bg_color_inputnewletter":"","border_color_newletter":"#ffffff","url_banner":"shopify:\/\/collections\/all","title_newletter":"GET UPDATE","color_title":"","content_newletter":"Subscribe our newsletter and get<br>discount 30% off","color_content":"","margin_top":"","margin_bottom":""}},"165734272602bf9687":{"type":"section-instagram-v1","settings":{"ins_userid":"","ins_access_token":"3672948962.0f64772.430edb7f711e4665b59777c54d1ed9ce","ins_limit_number":"7","margin_top":"","margin_bottom":""}}},"order":["1657338759a3152298","165733199271724ac1","16573387805329719b","1657338808c94fcad3","1657338962051bf203","166338622386309672","165734272602bf9687"]}